series_animedb_id,series_title,series_type,series_episodes,my_id,my_watched_episodes,my_start_date,my_finish_date,my_rated,my_score,my_storage,my_storage_value,my_status,my_comments,my_times_watched,my_rewatch_value,my_priority,my_tags,my_rewatching,my_rewatching_ep,my_discuss,my_sns,update_on_import
48858,180 Byou de Kimi no Mimi wo Shiawase ni Dekiru ka?,TV,12,0,1,0000-00-00,0000-00-00,,0,,0.00,Watching,,0,,LOW,,0,0,1,default,0
36793,3D Kanojo: Real Girl,TV,12,0,1,2021-07-10,0000-00-00,,0,,0.00,On-Hold,,0,,LOW,,0,0,1,default,0
39790,Adachi to Shimamura,TV,12,0,0,0000-00-00,0000-00-00,,0,,0.00,Plan to Watch,,0,,LOW,,0,0,1,default,0
49520,Aharen-san wa Hakarenai,TV,0,0,0,0000-00-00,0000-00-00,,9,,0.00,Watching,,0,,LOW,,0,0,1,default,0
11111,Another,TV,12,0,0,0000-00-00,0000-00-00,,0,,0.00,Plan to Watch,,0,,LOW,,0,0,1,default,0
37171,Asobi Asobase,TV,12,0,0,0000-00-00,0000-00-00,,0,,0.00,Plan to Watch,,0,,LOW,,0,0,1,default,0
38328,Azur Lane,TV,12,0,12,2021-06-23,2021-06-24,,3,,0.00,Completed,,0,,LOW,,0,0,1,default,0
34636,Ballroom e Youkoso,TV,24,0,0,0000-00-00,0000-00-00,,0,,0.00,Plan to Watch,,0,,LOW,,0,0,1,default,0
33573,BanG Dream!,TV,13,0,0,0000-00-00,0000-00-00,,0,,0.00,Plan to Watch,,0,,LOW,,0,0,1,default,0
36516,Beatless,TV,20,0,0,0000-00-00,0000-00-00,,0,,0.00,Plan to Watch,,0,,LOW,,0,0,1,default,0
40752,Bishounen Tanteidan,TV,12,0,0,0000-00-00,0000-00-00,,0,,0.00,Plan to Watch,,0,,LOW,,0,0,1,default,0
34618,Blend S,TV,12,0,12,0000-00-00,0000-00-00,,7,,0.00,Completed,,0,,LOW,,0,0,1,default,0
40060,BNA,TV,12,0,12,0000-00-00,2021-04-14,,7,,0.00,Completed,,0,,LOW,,0,0,1,default,0
31043,Boku dake ga Inai Machi,TV,12,0,12,0000-00-00,2021-04-14,,10,,0.00,Completed,,0,,LOW,,0,0,1,default,0
31964,Boku no Hero Academia,TV,13,0,13,0000-00-00,2021-04-14,,7,,0.00,Completed,,0,,LOW,,0,0,1,default,0
33486,Boku no Hero Academia 2nd Season,TV,25,0,25,0000-00-00,2021-04-14,,9,,0.00,Completed,,0,,LOW,,0,0,1,default,0
36456,Boku no Hero Academia 3rd Season,TV,25,0,25,0000-00-00,2021-04-14,,7,,0.00,Completed,,0,,LOW,,0,0,1,default,0
38408,Boku no Hero Academia 4th Season,TV,25,0,25,0000-00-00,2021-04-14,,8,,0.00,Completed,,0,,LOW,,0,0,1,default,0
40904,Bokutachi no Remake,TV,12,0,5,0000-00-00,0000-00-00,,10,,0.00,On-Hold,,0,,LOW,,0,0,1,default,0
51371,Bucchigire!,TV,0,0,0,0000-00-00,0000-00-00,,0,,0.00,Plan to Watch,,0,,LOW,,0,0,1,default,0
31478,Bungou Stray Dogs,TV,12,0,12,0000-00-00,0000-00-00,,5,,0.00,Completed,,0,,LOW,,0,0,1,default,0
40960,Cheat Kusushi no Slow Life: Isekai ni Tsukurou Drugstore,TV,12,0,0,0000-00-00,0000-00-00,,0,,0.00,Plan to Watch,,0,,LOW,,0,0,1,default,0
39175,Cider no You ni Kotoba ga Wakiagaru,Movie,1,0,1,0000-00-00,0000-00-00,,9,,0.00,Completed,,0,,LOW,,0,0,1,default,0
34382,Citrus,TV,12,0,0,0000-00-00,0000-00-00,,0,,0.00,Plan to Watch,,0,,LOW,,0,0,1,default,0
31636,Dagashi Kashi,TV,12,0,12,2021-06-25,2021-07-02,,6,,0.00,Completed,,0,,LOW,,0,0,1,default,0
36049,Dagashi Kashi 2,TV,12,0,0,0000-00-00,0000-00-00,,0,,0.00,Plan to Watch,,0,,LOW,,0,0,1,default,0
35849,Darling in the FranXX,TV,24,0,24,0000-00-00,2021-04-14,,5,,0.00,Completed,,0,,LOW,,0,0,1,default,0
15583,Date A Live,TV,12,0,0,0000-00-00,0000-00-00,,0,,0.00,Plan to Watch,,0,,LOW,,0,0,1,default,0
14353,Death Billiards,Movie,1,0,0,0000-00-00,0000-00-00,,0,,0.00,Plan to Watch,,0,,LOW,,0,0,1,default,0
1535,Death Note,TV,37,0,37,0000-00-00,2021-04-14,,0,,0.00,Completed,,0,,LOW,,0,0,1,default,0
28223,Death Parade,TV,12,0,12,0000-00-00,0000-00-00,,9,,0.00,Completed,,0,,LOW,,0,0,1,default,0
37982,Domestic na Kanojo,TV,12,0,12,0000-00-00,2021-04-14,,8,,0.00,Completed,,0,,LOW,,0,0,1,default,0
37520,Dororo,TV,24,0,24,0000-00-00,2021-04-14,,9,,0.00,Completed,,0,,LOW,,0,0,1,default,0
38671,Enen no Shouboutai,TV,24,0,24,0000-00-00,2021-04-14,,5,,0.00,Completed,,0,,LOW,,0,0,1,default,0
22043,Fairy Tail (2014),TV,102,0,0,2021-04-14,0000-00-00,,0,,0.00,On-Hold,,0,,LOW,,0,0,1,default,0
22297,Fate/stay night: Unlimited Blade Works,TV,12,0,12,0000-00-00,2021-04-14,,7,,0.00,Completed,,0,,LOW,,0,0,1,default,0
28701,Fate/stay night: Unlimited Blade Works 2nd Season,TV,13,0,13,0000-00-00,2021-04-14,,7,,0.00,Completed,,0,,LOW,,0,0,1,default,0
31376,Flying Witch,TV,12,0,12,0000-00-00,2021-04-14,,8,,0.00,Completed,,0,,LOW,,0,0,1,default,0
5114,Fullmetal Alchemist: Brotherhood,TV,64,0,64,0000-00-00,2021-04-14,,10,,0.00,Completed,,0,,LOW,,0,0,1,default,0
41025,Fumetsu no Anata e,TV,20,0,0,0000-00-00,0000-00-00,,0,,0.00,Plan to Watch,,0,,LOW,,0,0,1,default,0
49605,Ganbare Douki-chan,ONA,12,0,12,0000-00-00,0000-00-00,,7,,0.00,Completed,,0,,LOW,,0,0,1,default,0
28907,"Gate: Jieitai Kanochi nite, Kaku Tatakaeri",TV,12,0,12,2021-06-05,2021-06-06,,8,,0.00,Completed,,0,,LOW,,0,0,1,default,0
31637,"Gate: Jieitai Kanochi nite, Kaku Tatakaeri 2nd Season",TV,12,0,12,2021-06-06,2021-06-07,,8,,0.00,Completed,,0,,LOW,,0,0,1,default,0
41710,Genjitsu Shugi Yuusha no Oukoku Saikenki,TV,13,0,13,2021-07-05,0000-00-00,,8,,0.00,Completed,,0,,LOW,,0,0,1,default,0
49930,Genjitsu Shugi Yuusha no Oukoku Saikenki Part 2,TV,13,0,13,0000-00-00,0000-00-00,,6,,0.00,Completed,,0,,LOW,,0,0,1,default,0
24855,Girlfriend (Kari),TV,12,0,0,0000-00-00,0000-00-00,,0,,0.00,Plan to Watch,,0,,LOW,,0,0,1,default,0
37349,Goblin Slayer,TV,12,0,12,0000-00-00,0000-00-00,,8,,0.00,Completed,,0,,LOW,,0,0,1,default,0
40938,Hige wo Soru. Soshite Joshikousei wo Hirou.,TV,13,0,2,2021-04-14,0000-00-00,,0,,0.00,On-Hold,,0,,LOW,,0,0,1,default,0
42897,Horimiya,TV,13,0,13,0000-00-00,0000-00-00,,10,,0.00,Completed,,0,,LOW,,0,0,1,default,0
35557,Houseki no Kuni (TV),TV,12,0,12,0000-00-00,2021-04-14,,10,,0.00,Completed,,0,,LOW,,0,0,1,default,0
12189,Hyouka,TV,22,0,13,0000-00-00,0000-00-00,,0,,0.00,On-Hold,,0,,LOW,,0,0,1,default,0
40046,Id:Invaded,TV,13,0,13,0000-00-00,0000-00-00,,8,,0.00,Completed,,0,,LOW,,0,0,1,default,0
42361,"Ijiranaide, Nagatoro-san",TV,12,0,12,2021-06-08,2021-07-04,,8,,0.00,Completed,,0,,LOW,,0,0,1,default,0
37497,Irozuku Sekai no Ashita kara,TV,13,0,0,0000-00-00,0000-00-00,,0,,0.00,Plan to Watch,,0,,LOW,,0,0,1,default,0
34012,Isekai Shokudou,TV,12,0,0,0000-00-00,0000-00-00,,0,,0.00,Plan to Watch,,0,,LOW,,0,0,1,default,0
49438,Isekai Yakkyoku,TV,0,0,0,0000-00-00,0000-00-00,,0,,0.00,Plan to Watch,,0,,LOW,,0,0,1,default,0
36220,Itsudatte Bokura no Koi wa 10 cm Datta.,TV,6,0,0,0000-00-00,0000-00-00,,0,,0.00,Plan to Watch,,0,,LOW,,0,0,1,default,0
45604,Jaku-Chara Tomozaki-kun Specials,Special,2,0,0,0000-00-00,0000-00-00,,0,,0.00,Plan to Watch,,0,,LOW,,0,0,1,default,0
29785,Jitsu wa Watashi wa,TV,13,0,0,0000-00-00,0000-00-00,,0,,0.00,Plan to Watch,,0,,LOW,,0,0,1,default,0
14719,JoJo no Kimyou na Bouken (TV),TV,26,0,26,0000-00-00,2021-04-14,,6,,0.00,Completed,,0,,LOW,,0,0,1,default,0
20899,JoJo no Kimyou na Bouken Part 3: Stardust Crusaders,TV,24,0,24,0000-00-00,2021-04-14,,8,,0.00,Completed,,0,,LOW,,0,0,1,default,0
26055,JoJo no Kimyou na Bouken Part 3: Stardust Crusaders 2nd Season,TV,24,0,24,0000-00-00,2021-04-14,,8,,0.00,Completed,,0,,LOW,,0,0,1,default,0
31933,JoJo no Kimyou na Bouken Part 4: Diamond wa Kudakenai,TV,39,0,39,0000-00-00,2021-04-14,,9,,0.00,Completed,,0,,LOW,,0,0,1,default,0
37991,JoJo no Kimyou na Bouken Part 5: Ougon no Kaze,TV,39,0,39,0000-00-00,2021-04-14,,5,,0.00,Completed,,0,,LOW,,0,0,1,default,0
40748,Jujutsu Kaisen (TV),TV,24,0,24,0000-00-00,0000-00-00,,6,,0.00,Completed,,0,,LOW,,0,0,1,default,0
37999,Kaguya-sama wa Kokurasetai: Tensai-tachi no Renai Zunousen,TV,12,0,12,0000-00-00,2021-04-14,,10,,0.00,Completed,,0,,LOW,,0,0,1,default,0
43608,Kaguya-sama wa Kokurasetai: Ultra Romantic,TV,0,0,0,0000-00-00,0000-00-00,,0,,0.00,Plan to Watch,,0,,LOW,,0,0,1,default,0
40591,Kaguya-sama wa Kokurasetai? Tensai-tachi no Renai Zunousen,TV,12,0,12,0000-00-00,2021-04-14,,10,,0.00,Completed,,0,,LOW,,0,0,1,default,0
42544,Kaizoku Oujo,TV,12,0,0,0000-00-00,0000-00-00,,0,,0.00,Plan to Watch,,0,,LOW,,0,0,1,default,0
39198,Kanata no Astra,TV,12,0,12,0000-00-00,2021-04-14,,7,,0.00,Completed,,0,,LOW,,0,0,1,default,0
49721,Karakai Jouzu no Takagi-san 3,TV,12,0,0,0000-00-00,0000-00-00,,0,,0.00,Plan to Watch,,0,,LOW,,0,0,1,default,0
7711,Karigurashi no Arrietty,Movie,1,0,1,0000-00-00,2021-04-14,,8,,0.00,Completed,,0,,LOW,,0,0,1,default,0
45613,Kawaii dake ja Nai Shikimori-san,TV,0,0,0,0000-00-00,0000-00-00,,0,,0.00,Plan to Watch,,0,,LOW,,0,0,1,default,0
32686,Keijo!!!!!!!!,TV,12,0,0,0000-00-00,0000-00-00,,0,,0.00,Plan to Watch,,0,,LOW,,0,0,1,default,0
33089,Kemono Friends,TV,12,0,0,0000-00-00,0000-00-00,,0,,0.00,Plan to Watch,,0,,LOW,,0,0,1,default,0
35313,Kemono Friends 2,TV,12,0,0,0000-00-00,0000-00-00,,0,,0.00,Plan to Watch,,0,,LOW,,0,0,1,default,0
35347,Kemono Friends: Bus-teki,ONA,1,0,0,0000-00-00,0000-00-00,,0,,0.00,Plan to Watch,,0,,LOW,,0,0,1,default,0
40908,Kemono Jihen,TV,12,0,0,0000-00-00,0000-00-00,,0,,0.00,Plan to Watch,,0,,LOW,,0,0,1,default,0
38000,Kimetsu no Yaiba,TV,26,0,26,0000-00-00,2021-04-14,,8,,0.00,Completed,,0,,LOW,,0,0,1,default,0
40456,Kimetsu no Yaiba Movie: Mugen Ressha-hen,Movie,1,0,1,0000-00-00,2021-07-02,,8,,0.00,Completed,,0,,LOW,,0,0,1,default,0
47778,Kimetsu no Yaiba: Yuukaku-hen,TV,11,0,11,0000-00-00,0000-00-00,,8,,0.00,Completed,,0,,LOW,,0,0,1,default,0
32281,Kimi no Na wa.,Movie,1,0,1,0000-00-00,2021-04-14,,8,,0.00,Completed,,0,,LOW,,0,0,1,default,0
33206,Kobayashi-san Chi no Maid Dragon,TV,13,0,13,2021-06-13,2021-06-15,,7,,0.00,Completed,,0,,LOW,,0,0,1,default,0
39247,Kobayashi-san Chi no Maid Dragon S,TV,12,0,12,2021-07-20,0000-00-00,,9,,0.00,Completed,,0,,LOW,,0,0,1,default,0
49893,Kobayashi-san Chi no Maid Dragon S: Nippon no Omotenashi - Attend wa Dragon Desu,Special,1,0,0,0000-00-00,0000-00-00,,0,,0.00,Plan to Watch,,0,,LOW,,0,0,1,default,0
28851,Koe no Katachi,Movie,1,0,1,2021-04-14,2021-04-14,,10,,0.00,Completed,,0,,LOW,,0,0,1,default,0
41103,Koi to Yobu ni wa Kimochi Warui,TV,12,0,0,0000-00-00,0000-00-00,,0,,0.00,Plan to Watch,,0,,LOW,,0,0,1,default,0
34984,Koi wa Ameagari no You ni,TV,12,0,12,2021-07-02,2021-07-07,,8,,0.00,Completed,,0,,LOW,,0,0,1,default,0
48926,"Komi-san wa, Comyushou desu.",TV,12,0,12,0000-00-00,0000-00-00,,8,,0.00,Completed,,0,,LOW,,0,0,1,default,0
50631,"Komi-san wa, Comyushou desu. 2nd Season",TV,0,0,0,0000-00-00,0000-00-00,,0,,0.00,Plan to Watch,,0,,LOW,,0,0,1,default,0
16782,Kotonoha no Niwa,Movie,1,0,1,0000-00-00,0000-00-00,,8,,0.00,Completed,,0,,LOW,,0,0,1,default,0
34712,Kujira no Kora wa Sajou ni Utau,TV,12,0,12,2021-06-11,2021-06-13,,5,,0.00,Completed,,0,,LOW,,0,0,1,default,0
49776,Kumichou Musume to Sewagakari,TV,0,0,0,0000-00-00,0000-00-00,,0,,0.00,Plan to Watch,,0,,LOW,,0,0,1,default,0
433,"Kumo no Mukou, Yakusoku no Basho",Movie,1,0,0,0000-00-00,0000-00-00,,0,,0.00,Plan to Watch,,0,,LOW,,0,0,1,default,0
32949,Kuzu no Honkai,TV,12,0,12,0000-00-00,2021-04-14,,10,,0.00,Completed,,0,,LOW,,0,0,1,default,0
34599,Made in Abyss,TV,13,0,13,0000-00-00,0000-00-00,,8,,0.00,Completed,,0,,LOW,,0,0,1,default,0
35062,Mahoutsukai no Yome,TV,24,0,24,2021-06-01,2021-06-05,,10,,0.00,Completed,,0,,LOW,,0,0,1,default,0
37031,Mahoutsukai no Yome Recap,Special,1,0,0,0000-00-00,0000-00-00,,0,,0.00,Plan to Watch,,0,,LOW,,0,0,1,default,0
40134,Mahoutsukai no Yome: Gakuin-hen,ONA,1,0,1,0000-00-00,0000-00-00,,0,,0.00,Completed,,0,,LOW,,0,0,1,default,0
32902,Mahoutsukai no Yome: Hoshi Matsu Hito,OVA,3,0,3,0000-00-00,0000-00-00,,8,,0.00,Completed,,0,,LOW,,0,0,1,default,0
48438,Mahoutsukai no Yome: Nishi no Shounen to Seiran no Kishi,OVA,3,0,0,0000-00-00,0000-00-00,,0,,0.00,Plan to Watch,,0,,LOW,,0,0,1,default,0
40571,Majo no Tabitabi,TV,12,0,12,0000-00-00,2021-04-14,,7,,0.00,Completed,,0,,LOW,,0,0,1,default,0
10620,Mirai Nikki (TV),TV,26,0,26,0000-00-00,2021-04-14,,7,,0.00,Completed,,0,,LOW,,0,0,1,default,0
36936,Mirai no Mirai,Movie,1,0,1,0000-00-00,0000-00-00,,6,,0.00,Completed,,0,,LOW,,0,0,1,default,0
39535,Mushoku Tensei: Isekai Ittara Honki Dasu,TV,11,0,11,0000-00-00,0000-00-00,,8,,0.00,Completed,,0,,LOW,,0,0,1,default,0
45576,Mushoku Tensei: Isekai Ittara Honki Dasu Part 2,TV,12,0,12,0000-00-00,0000-00-00,,9,,0.00,Completed,,0,,LOW,,0,0,1,default,0
50360,Mushoku Tensei: Isekai Ittara Honki Dasu Special,Special,1,0,0,0000-00-00,0000-00-00,,0,,0.00,Plan to Watch,,0,,LOW,,0,0,1,default,0
41168,Nakitai Watashi wa Neko wo Kaburu,Movie,1,0,1,0000-00-00,2021-04-14,,8,,0.00,Completed,,0,,LOW,,0,0,1,default,0
4081,Natsume Yuujinchou,TV,13,0,0,0000-00-00,0000-00-00,,0,,0.00,Plan to Watch,,0,,LOW,,0,0,1,default,0
30,Neon Genesis Evangelion,TV,26,0,18,2021-06-19,0000-00-00,,6,,0.00,Dropped,,0,,LOW,,0,0,1,default,0
34392,One Room,TV,12,0,12,0000-00-00,0000-00-00,,6,,0.00,Completed,,0,,LOW,,0,0,1,default,0
12355,Ookami Kodomo no Ame to Yuki,Movie,1,0,0,0000-00-00,0000-00-00,,0,,0.00,Plan to Watch,,0,,LOW,,0,0,1,default,0
2966,Ookami to Koushinryou,TV,13,0,13,0000-00-00,0000-00-00,,10,,0.00,Completed,,0,,LOW,,0,0,1,default,0
24211,Orenchi no Furo Jijou,TV,13,0,0,0000-00-00,0000-00-00,,0,,0.00,Plan to Watch,,0,,LOW,,0,0,1,default,0
35484,Osake wa Fuufu ni Natte kara,TV,13,0,13,2021-07-09,2021-07-09,,8,,0.00,Completed,,0,,LOW,,0,0,1,default,0
37826,Osake wa Fuufu ni Natte kara: Yuzu Atsukan,ONA,1,0,1,0000-00-00,2021-07-09,,0,,0.00,Completed,,0,,LOW,,0,0,1,default,0
42627,Peach Boy Riverside,TV,12,0,0,0000-00-00,0000-00-00,,0,,0.00,Plan to Watch,,0,,LOW,,0,0,1,default,0
48406,Re-Main,TV,12,0,0,0000-00-00,0000-00-00,,0,,0.00,Plan to Watch,,0,,LOW,,0,0,1,default,0
34561,Re:Creators,TV,22,0,0,0000-00-00,0000-00-00,,0,,0.00,Plan to Watch,,0,,LOW,,0,0,1,default,0
30015,ReLIFE,TV,13,0,0,0000-00-00,0000-00-00,,0,,0.00,Plan to Watch,,0,,LOW,,0,0,1,default,0
38992,Rikei ga Koi ni Ochita no de Shoumei shitemita.,TV,12,0,10,0000-00-00,2021-04-14,,0,,0.00,On-Hold,,0,,LOW,,0,0,1,default,0
43470,Rikei ga Koi ni Ochita no de Shoumei shitemita. Heart,TV,0,0,0,0000-00-00,0000-00-00,,0,,0.00,Plan to Watch,,0,,LOW,,0,0,1,default,0
44807,Ryuu to Sobakasu no Hime,Movie,1,0,1,0000-00-00,0000-00-00,,9,,0.00,Completed,,0,,LOW,,0,0,1,default,0
42826,Seijo no Maryoku wa Bannou Desu,TV,12,0,12,2021-04-14,2021-06-30,,7,,0.00,Completed,,0,,LOW,,0,0,1,default,0
51215,Seijo no Maryoku wa Bannou Desu 2nd Season,TV,0,0,0,0000-00-00,0000-00-00,,0,,0.00,Plan to Watch,,0,,LOW,,0,0,1,default,0
37450,Seishun Buta Yarou wa Bunny Girl Senpai no Yume wo Minai,TV,13,0,13,0000-00-00,2021-04-14,,9,,0.00,Completed,,0,,LOW,,0,0,1,default,0
38329,Seishun Buta Yarou wa Yumemiru Shoujo no Yume wo Minai,Movie,1,0,1,0000-00-00,2021-04-14,,0,,0.00,Completed,,0,,LOW,,0,0,1,default,0
47790,"Sekai Saikou no Ansatsusha, Isekai Kizoku ni Tensei suru",TV,12,0,12,0000-00-00,0000-00-00,,9,,0.00,Completed,,0,,LOW,,0,0,1,default,0
38787,Senryuu Shoujo,TV,12,0,12,0000-00-00,0000-00-00,,10,,0.00,Completed,,0,,LOW,,0,0,1,default,0
43439,Shadows House,TV,13,0,13,2021-04-14,2021-06-28,,8,,0.00,Completed,,0,,LOW,,0,0,1,default,0
49782,Shadows House 2nd Season,TV,0,0,0,0000-00-00,0000-00-00,,0,,0.00,Plan to Watch,,0,,LOW,,0,0,1,default,0
47161,Shikkakumon no Saikyou Kenja,TV,12,0,12,0000-00-00,0000-00-00,,4,,0.00,Completed,,0,,LOW,,0,0,1,default,0
16498,Shingeki no Kyojin,TV,25,0,25,0000-00-00,2021-04-14,,10,,0.00,Completed,,0,,LOW,,0,0,1,default,0
25777,Shingeki no Kyojin Season 2,TV,12,0,12,0000-00-00,2021-04-14,,8,,0.00,Completed,,0,,LOW,,0,0,1,default,0
35760,Shingeki no Kyojin Season 3,TV,12,0,12,0000-00-00,2021-04-14,,8,,0.00,Completed,,0,,LOW,,0,0,1,default,0
38524,Shingeki no Kyojin Season 3 Part 2,TV,10,0,10,0000-00-00,2021-04-14,,8,,0.00,Completed,,0,,LOW,,0,0,1,default,0
40028,Shingeki no Kyojin: The Final Season,TV,16,0,16,0000-00-00,2021-04-14,,9,,0.00,Completed,,0,,LOW,,0,0,1,default,0
48583,Shingeki no Kyojin: The Final Season Part 2,TV,12,0,12,0000-00-00,0000-00-00,,10,,0.00,Completed,,0,,LOW,,0,0,1,default,0
47257,Shinigami Bocchan to Kuro Maid,TV,12,0,2,2021-07-05,0000-00-00,,9,,0.00,On-Hold,,0,,LOW,,0,0,1,default,0
13125,Shinsekai yori,TV,25,0,0,0000-00-00,0000-00-00,,0,,0.00,Plan to Watch,,0,,LOW,,0,0,1,default,0
46093,Shiroi Suna no Aquatope,TV,24,0,0,0000-00-00,0000-00-00,,0,,0.00,Plan to Watch,,0,,LOW,,0,0,1,default,0
28625,Shisha no Teikoku,Movie,1,0,0,0000-00-00,0000-00-00,,0,,0.00,Plan to Watch,,0,,LOW,,0,0,1,default,0
37569,Sirius,TV,12,0,12,0000-00-00,2021-04-14,,5,,0.00,Completed,,0,,LOW,,0,0,1,default,0
48849,Sonny Boy,TV,12,0,0,0000-00-00,0000-00-00,,0,,0.00,Plan to Watch,,0,,LOW,,0,0,1,default,0
48736,Sono Bisque Doll wa Koi wo Suru,TV,12,0,12,0000-00-00,0000-00-00,,8,,0.00,Completed,,0,,LOW,,0,0,1,default,0
45653,Soredemo Ayumu wa Yosetekuru,TV,0,0,0,0000-00-00,0000-00-00,,0,,0.00,Plan to Watch,,0,,LOW,,0,0,1,default,0
3588,Soul Eater,TV,51,0,51,0000-00-00,2021-04-14,,10,,0.00,Completed,,0,,LOW,,0,0,1,default,0
50265,Spy x Family,TV,0,0,0,0000-00-00,0000-00-00,,0,,0.00,Plan to Watch,,0,,LOW,,0,0,1,default,0
855,Strawberry Panic,TV,26,0,0,0000-00-00,0000-00-00,,0,,0.00,Plan to Watch,,0,,LOW,,0,0,1,default,0
33036,Suki ni Naru Sono Shunkan wo.: Kokuhaku Jikkou Iinkai,Movie,1,0,0,0000-00-00,0000-00-00,,0,,0.00,Plan to Watch,,0,,LOW,,0,0,1,default,0
48171,Summer Ghost,Movie,1,0,1,0000-00-00,2021-06-04,,0,,0.00,Plan to Watch,,0,,LOW,,0,0,1,default,0
11757,Sword Art Online,TV,25,0,25,0000-00-00,2021-04-14,,6,,0.00,Completed,,0,,LOW,,0,0,1,default,0
21881,Sword Art Online II,TV,24,0,14,0000-00-00,0000-00-00,,0,,0.00,Watching,,0,,LOW,,0,0,1,default,0
13333,Tari Tari,TV,13,0,0,0000-00-00,0000-00-00,,0,,0.00,Plan to Watch,,0,,LOW,,0,0,1,default,0
35790,Tate no Yuusha no Nariagari,TV,25,0,25,0000-00-00,2021-04-14,,8,,0.00,Completed,,0,,LOW,,0,0,1,default,0
40356,Tate no Yuusha no Nariagari Season 2,TV,13,0,0,0000-00-00,0000-00-00,,0,,0.00,Watching,,0,,LOW,,0,0,1,default,0
38826,Tenki no Ko,Movie,1,0,1,0000-00-00,2021-04-14,,8,,0.00,Completed,,0,,LOW,,0,0,1,default,0
6213,Toaru Kagaku no Railgun,TV,24,0,24,0000-00-00,0000-00-00,,9,,0.00,Completed,,0,,LOW,,0,0,1,default,0
16049,Toaru Kagaku no Railgun S,TV,24,0,24,0000-00-00,0000-00-00,,9,,0.00,Completed,,0,,LOW,,0,0,1,default,0
21353,Tokyo ESP,TV,12,0,0,0000-00-00,0000-00-00,,0,,0.00,Plan to Watch,,0,,LOW,,0,0,1,default,0
22319,Tokyo Ghoul,TV,12,0,12,0000-00-00,2021-04-14,,10,,0.00,Completed,,0,,LOW,,0,0,1,default,0
27899,Tokyo Ghoul âˆšA,TV,12,0,12,0000-00-00,2021-04-14,,9,,0.00,Completed,,0,,LOW,,0,0,1,default,0
36511,Tokyo Ghoul:re,TV,12,0,12,0000-00-00,2021-04-14,,7,,0.00,Completed,,0,,LOW,,0,0,1,default,0
37799,Tokyo Ghoul:re 2nd Season,TV,12,0,12,0000-00-00,2021-04-14,,7,,0.00,Completed,,0,,LOW,,0,0,1,default,0
14227,Tonari no Kaibutsu-kun,TV,13,0,0,0000-00-00,0000-00-00,,0,,0.00,Plan to Watch,,0,,LOW,,0,0,1,default,0
41389,Tonikaku Kawaii,TV,12,0,12,0000-00-00,0000-00-00,,8,,0.00,Completed,,0,,LOW,,0,0,1,default,0
44931,Tonikaku Kawaii: SNS,OVA,1,0,1,0000-00-00,0000-00-00,,0,,0.00,Completed,,0,,LOW,,0,0,1,default,0
4224,Toradora!,TV,25,0,0,0000-00-00,2021-04-14,,0,,0.00,On-Hold,,0,,LOW,,0,0,1,default,0
25157,Trinity Seven,TV,12,0,0,0000-00-00,0000-00-00,,0,,0.00,Plan to Watch,,0,,LOW,,0,0,1,default,0
34822,Tsuki ga Kirei,TV,12,0,0,0000-00-00,0000-00-00,,0,,0.00,Plan to Watch,,0,,LOW,,0,0,1,default,0
34902,Tsurezure Children,TV,12,0,0,0000-00-00,0000-00-00,,0,,0.00,Plan to Watch,,0,,LOW,,0,0,1,default,0
35249,Uma Musume: Pretty Derby (TV),TV,13,0,1,2021-06-07,0000-00-00,,0,,0.00,On-Hold,,0,,LOW,,0,0,1,default,0
41392,Urasekai Picnic,TV,12,0,0,0000-00-00,0000-00-00,,0,,0.00,Plan to Watch,,0,,LOW,,0,0,1,default,0
10162,Usagi Drop,TV,11,0,11,0000-00-00,0000-00-00,,10,,0.00,Completed,,0,,LOW,,0,0,1,default,0
48580,Vanitas no Karte,TV,12,0,12,0000-00-00,0000-00-00,,8,,0.00,Completed,,0,,LOW,,0,0,1,default,0
49114,Vanitas no Karte Part 2,TV,12,0,12,0000-00-00,0000-00-00,,7,,0.00,Completed,,0,,LOW,,0,0,1,default,0
32899,Watashi ga Motete Dousunda,TV,12,0,12,0000-00-00,0000-00-00,,6,,0.00,Completed,,0,,LOW,,0,0,1,default,0
202,Wolf's Rain,TV,26,0,0,0000-00-00,0000-00-00,,0,,0.00,Plan to Watch,,0,,LOW,,0,0,1,default,0
35968,Wotaku ni Koi wa Muzukashii,TV,11,0,11,2021-06-16,2021-06-18,,7,,0.00,Completed,,0,,LOW,,0,0,1,default,0
38349,Wotaku ni Koi wa Muzukashii OVA,OVA,3,0,2,0000-00-00,2021-06-18,,8,,0.00,On-Hold,,0,,LOW,,0,0,1,default,0
37786,Yagate Kimi ni Naru,TV,13,0,13,0000-00-00,0000-00-00,,10,,0.00,Completed,,0,,LOW,,0,0,1,default,0
28677,Yamada-kun to 7-nin no Majo (TV),TV,12,0,12,0000-00-00,2021-04-14,,10,,0.00,Completed,,0,,LOW,,0,0,1,default,0
50346,Yofukashi no Uta,TV,0,0,0,0000-00-00,0000-00-00,,0,,0.00,Plan to Watch,,0,,LOW,,0,0,1,default,0
8861,"Yosuga no Sora: In Solitude, Where We Are Least Alone.",TV,12,0,0,0000-00-00,0000-00-00,,0,,0.00,Plan to Watch,,0,,LOW,,0,0,1,default,0
32995,Yuri!!! on Ice,TV,12,0,12,0000-00-00,2021-04-14,,7,,0.00,Completed,,0,,LOW,,0,0,1,default,0
40911,Yuukoku no Moriarty,TV,11,0,11,0000-00-00,0000-00-00,,7,,0.00,Completed,,0,,LOW,,0,0,1,default,0
43325,Yuukoku no Moriarty 2nd Season,TV,13,0,13,0000-00-00,0000-00-00,,7,,0.00,Completed,,0,,LOW,,0,0,1,default,0
49733,Yuukoku no Moriarty OVA,OVA,2,0,0,0000-00-00,0000-00-00,,0,,0.00,Plan to Watch,,0,,LOW,,0,0,1,default,0
